[{"model": "mainapp.categorypost", "pk": 1, "fields": {"name": "Дизайн", "slug": "dizain", "description": "Дизайн", "is_active": true}}, {"model": "mainapp.categorypost", "pk": 2, "fields": {"name": "Мобильная разработка", "slug": "mobile-razrabotka", "description": "Мобильная разработка", "is_active": true}}, {"model": "mainapp.categorypost", "pk": 4, "fields": {"name": "Маркетинг", "slug": "marketing", "description": "Маркетинг", "is_active": true}}, {"model": "mainapp.categorypost", "pk": 5, "fields": {"name": "Веб-разработка", "slug": "veb-razrabotka", "description": "Веб-разработка", "is_active": true}}, {"model": "mainapp.post", "pk": 1, "fields": {"category_id": 1, "user_id": 3, "title": "О пользе дизайна в условиях боевых дейтствий", "slug": "o-polze-dizaina-v-usloviiakh-boevykh-deitstvii", "text": "Дизайн - дело тонкое", "post_status": "Apr", "status_update": "2021-01-29T18:42:05Z", "date_create": "2021-01-29T18:42:05Z", "date_update": "2021-01-29T18:42:05Z"}}, {"model": "mainapp.post", "pk": 2, "fields": {"category_id": 4, "user_id": 2, "title": "Планы", "slug": "plany", "text": "Таким образом реализация намеченных плановых заданий позволяет оценить значение новых предложений. Значимость этих проблем настолько очевидна, что консультация с широким активом играет важную роль в формировании новых предложений. Равным образом рамки и место обучения кадров влечет за собой процесс внедрения и модернизации системы обучения кадров, соответствует насущным потребностям.\r\nРавным образом консультация с широким активом требуют определения и уточнения модели развития. Равным образом рамки и место обучения кадров влечет за собой процесс внедрения и модернизации системы обучения кадров, соответствует насущным потребностям.\r\nИдейные соображения высшего порядка, а также начало повседневной работы по формированию позиции позволяет оценить значение модели развития. С другой стороны рамки и место обучения кадров способствует подготовки и реализации модели развития.", "post_status": "Apr", "status_update": "2021-01-29T18:43:11Z", "date_create": "2021-01-29T18:43:11Z", "date_update": "2021-01-29T18:43:11Z"}}, {"model": "mainapp.post", "pk": 3, "fields": {"category_id": 4, "user_id": 1, "title": "Интересная история", "slug": "interesnaia-istoriia", "text": "Рыба в веб-дизайне — временное наполнение макета страницы для имитации её законченного вида. У дизайнера не всегда есть под рукой материалы, которые планируется публиковать на веб-сайте и поэтому нужно использовать что-то иное чтобы показать как дизайн будет работать в естественных условиях. При этом рыбное содержимое не обязано обладать смыслом — здесь важно визуальное восприятие. Рыбным содержимым может быть не только текст, но и изображения (например, иллюстрации к статье, аватары пользователей, кадры из видео для видеоплеера, баннеры и т. д.). Дизайнер рыбу может придумать самостоятельно, а может скопировать с другого аналогичного сайта. В случае с текстом можно воспользоваться программой-бредогенератором или же вставить классический рыбный текст «Lorem ipsum».\r\n\r\nДля того, чтобы создать современный удобный веб-сайт сегодня совершенно не обязательно обладать навыками профессионального дизайнера-верстальщика. Больше не нужно месяцами изучать алгоритмы php и разбираться в хитросплетениях css разметки. Достаточно просто выбрать понравившийся премиум-шаблон и на его основе создать собственный готовый сайт. На рынке существует множество CMS (систем управление сайтом), но одним из наиболее практичных и универсальных решений это WordPress. Он отлично подходит и для небольших сайтов-визиток, Landing page и для современных интернет-магазинов, а также больше корпоративных бизнес-порталов. Обладая большой универсальностью и практичностью, он также предлагает пользователю огромное количество уже готовых решений, с помощью которых можно получить готовый сайт в течение всего пары часов. Мы говорим о шаблонах.", "post_status": "Apr", "status_update": "2021-01-29T18:43:54Z", "date_create": "2021-01-29T18:43:54Z", "date_update": "2021-01-29T18:43:54Z"}}, {"model": "mainapp.post", "pk": 4, "fields": {"category_id": 2, "user_id": 2, "title": "Товарищи", "slug": "tovarishchi", "text": "Товарищи! консультация с широким активом позволяет выполнять важные задания по разработке систем массового участия. Идейные соображения высшего порядка, а также дальнейшее развитие различных форм деятельности позволяет оценить значение новых предложений.\r\nТоварищи! консультация с широким активом позволяет выполнять важные задания по разработке систем массового участия. Таким образом реализация намеченных плановых заданий позволяет оценить значение новых предложений.\r\nПовседневная практика показывает, что реализация намеченных плановых заданий в значительной степени обуславливает создание модели развития. Равным образом консультация с широким активом требуют определения и уточнения модели развития. С другой стороны рамки и место обучения кадров способствует подготовки и реализации модели развития.", "post_status": "Apr", "status_update": "2021-01-29T18:44:34Z", "date_create": "2021-01-29T18:44:34Z", "date_update": "2021-01-29T18:44:34Z"}}, {"model": "mainapp.post", "pk": 5, "fields": {"category_id": 5, "user_id": 3, "title": "Маркетинг в применении к пожарному делу", "slug": "marketing-v-primenenii-k-pozharnomu-delu", "text": "Пожарное дело традиционно использует проверенные способы маркетига. Для продвижения услуг пожарных на современном рынке...", "post_status": "Apr", "status_update": "2021-01-29T18:51:31Z", "date_create": "2021-01-29T18:51:31Z", "date_update": "2021-01-29T18:51:31Z"}}, {"model": "mainapp.post", "pk": 6, "fields": {"category_id": 1, "user_id": 3, "title": "Применение слагов", "slug": "primenenie-slagov", "text": "Слаг – не такой популярный и востребованный у наших российских рыболовов тип силиконовых приманок, как, например твистер или виброхвост. Как и всевозможная креатура – резина непонятных форм и размеров, с лапками и щупальцами – слаги применяются гораздо реже, да и то в качестве эксперимента. Но для меня они уже на протяжении нескольких лет во многих ситуациях служат «палочкой-выручалочкой».", "post_status": "Apr", "status_update": "2021-01-30T02:24:05Z", "date_create": "2021-01-30T02:24:05Z", "date_update": "2021-01-30T02:24:05Z"}}, {"model": "mainapp.post", "pk": 7, "fields": {"category_id": 1, "user_id": 3, "title": "fgsg", "slug": "fgsg", "text": "В период 1890-1970 вся обработка больших данных осуществлялась через перфокарты. Перфокарты в свою очередь обрабатывались при помощи т.н. «регистрирующей аппаратурой», центральным звеном которой был электромеханический «сортировщик перфокарт». Перфокарты и сопутствующую аппаратуру применяли для решения самых разнообразных задач: перепись населения, бухгалтерский учёт, инвентаризация, расчёт заработной платы и т.д.\r\n\r\n\r\nКак люди работали с перфокартами? Какому алгоритму следовал электромеханический сортировщик перфокарт? Как осуществлялась сортировка по числовым полям данных? А по строковым? Обо всём этом – ниже.", "post_status": "Apr", "status_update": "2021-01-30T10:09:08Z", "date_create": "2021-01-30T10:09:08Z", "date_update": "2021-01-30T10:09:08Z"}}, {"model": "mainapp.post", "pk": 8, "fields": {"category_id": 1, "user_id": 3, "title": "Январские тезисы", "slug": "ianvarskie-tezisy", "text": "Кабачок является прямым родственником тыквы, а именно ее разновидностью. Может быть желтого, зеленого, белого цвета и имеет нежную мякоть. Хоть кабачок и не обладает ярким вкусом, но не стоит исключать его из рациона, ведь он довольно таки полезен.\r\n\r\nСезон\r\nКабачковый сезон открывается в июне и продолжается до конца сентября. Именно в этот период вы сможете купить хороший грунтовой кабачок.\r\n\r\nВ супермаркетах кабачки доступны круглый год, но эти кабачки выращены в теплицах.\r\n\r\nКак выбирать\r\nКожица кабачка должна быть тонкой, гладкой и без повреждений. Выбирайте небольшие плоды 12-20 см и массой 100-200 гр. Храните в холодильнике, предварительно не мойте, иначе нанесете повреждения на кожицу, что приведет к быстрой порче овоща.\r\n\r\nЧем полезны кабачки\r\nДля пищеварения и обмена веществ\r\n\r\nКабачки идеально подходят для диетического питания людей, склонных к полноте или желающих похудеть, поскольку калорийность кабачков составляет всего 20-30 килокалорий на 100 грамм этого овоща. Блюда из кабачка помогут улучшить перистальтику кишечника и поспособствуют выведению желчи.\r\n\r\nВ кабачке не содержится грубых волокон и блюда из них мягкие и нежные, в них много пектина, который способствует легкому усвоению пищи. А поскольку в кабачке большое содержание воды, кабачок отлично помогает вывести из организма излишки солей и нормализует водно-солевой баланс.\r\n\r\nДля иммунитета.\r\n\r\nХоть по вкусу кабачок совсем и не кислый, но в нем присутствует большое количество витамина С, а также В-каротина, которые способствуют укреплению иммунитета.\r\n\r\nДля молодости и красоты\r\n\r\nВ кабачках присутствуют витамины групп А, В, С, Н, PP и знаменитый витамин молодости – Е (токоферол) – природный антиоксидант, помогающий организму бороться со свободными радикалами и замедлять старение.\r\n\r\nДля кровеносной системы\r\n\r\nМинеральный состав кабачка очень богат, здесь есть калий, натрий, магний, фосфор и железо. Это обозначает, что они очень полезны для людей, страдающих гипертонией и сердечно-сосудистыми заболеваниями. А из-за содержания железа и витамина С кабачки необходимы в рационе людей, страдающих анемией.\r\n\r\nКабачки показаны к употреблению людям страдающим сахарным диабетом. Кроме того, кабачки не только не вызывают аллергии, но и сами обладают противоаллергенным действием.", "post_status": "Apr", "status_update": "2021-01-31T22:08:57Z", "date_create": "2021-01-31T22:08:57Z", "date_update": "2021-01-31T22:08:57Z"}}, {"model": "mainapp.post", "pk": 9, "fields": {"category_id": 4, "user_id": 3, "title": "Маркетинговые ухищрения Саратовских мошенников", "slug": "marketingovye-ukhishchreniia-saratovskikh-moshennikov", "text": "50 тысяч рублей лишились двое жителей Энгельса из-за телефонных мошенников. Как сообщает пресс-служба ГУ МВД по Саратовской области, 59-летняя женщина поговорила с позвонившим ей \"сотрудником банка\", сообщившим, что ее личный кабинет взломали. Он предложил перевести деньги на временные счета и по смс назвал ей 14 номеров счетов, на которые она и перевела средства.\r\n\r\nДругую схему применили и к 40-летней жительнице Энгельса. \"Сотрудник банка\" во избежание взлома ее личного кабинета попросил продиктовать ему все данные ее банковской карты, включая пароль, и прислал проверочные коды по смс. Доверившаяся ему женщина лишилась 170 тысяч рублей.", "post_status": "Apr", "status_update": "2021-02-03T04:07:21.295Z", "date_create": "2021-02-03T04:07:21.295Z", "date_update": "2021-02-03T04:07:21.295Z"}}, {"model": "mainapp.post", "pk": 10, "fields": {"category_id": 2, "user_id": 5, "title": "Студия Web-Boss", "slug": "studiia-web-boss", "text": "Разнообразный и богатый опыт консультация с широким активом обеспечивает широкому кругу. С другой стороны рамки и место обучения кадров способствует подготовки и реализации модели развития. С другой стороны укрепление и развитие структуры обеспечивает участие в формировании систем массового участия.\r\nЗначимость этих проблем настолько очевидна, что дальнейшее развитие различных форм деятельности обеспечивает широкому кругу (специалистов) участие в формировании новых предложений. Если у вас есть какие то интересные предложения, обращайтесь! Студия Web-Boss всегда готова решить любую задачу.\r\nС другой стороны постоянное информационно-пропагандистское обеспечение нашей деятельности обеспечивает широкому кругу (специалистов) участие в формировании позиций, занимаемых участниками в отношении поставленных задач. Идейные соображения высшего порядка, а также дальнейшее развитие различных форм деятельности позволяет оценить значение новых предложений.\r\nТаким образом новая модель организационной деятельности способствует подготовки и реализации систем массового участия. С другой стороны постоянное информационно-пропагандистское обеспечение нашей деятельности обеспечивает широкому кругу (специалистов) участие в формировании позиций, занимаемых участниками в отношении поставленных задач.", "post_status": "Apr", "status_update": "2021-02-04T16:34:06.773Z", "date_create": "2021-02-04T16:34:06.773Z", "date_update": "2021-02-04T16:34:06.773Z"}}, {"model": "mainapp.post", "pk": 12, "fields": {"category_id": 5, "user_id": 2, "title": "Товарищи2", "slug": "tovarishchi2", "text": "ТоварищиТоварищиТоварищиТоварищиТоварищиТоварищиТоварищиТоварищиТоварищиТоварищиТоварищиТоварищиТоварищиТоварищиТоварищи\r\nУраУраУраУраУраУраУраУраУраУраУраУраУраУраУраУраУраУраУраУраУраУраУраУраУраУраУраУраУраУраУраУраУраУраУраУраУраУраУраУраУраУраУраУра", "post_status": "Del", "status_update": "2021-02-05T18:28:01.358Z", "date_create": "2021-02-05T18:28:01.358Z", "date_update": "2021-02-05T18:28:01.358Z"}}, {"model": "mainapp.comment", "pk": 1, "fields": {"user_id": 2, "post_id": 5, "parent_comment": null, "text": "Привет", "date_create": "2021-02-01T18:46:40.482Z", "date_update": "2021-02-01T18:46:40.482Z"}}, {"model": "mainapp.comment", "pk": 2, "fields": {"user_id": 5, "post_id": 8, "parent_comment": null, "text": "Привет", "date_create": "2021-02-02T15:06:46.755Z", "date_update": "2021-02-02T15:06:46.755Z"}}, {"model": "mainapp.comment", "pk": 3, "fields": {"user_id": 5, "post_id": 8, "parent_comment": null, "text": "Привет", "date_create": "2021-02-02T15:18:38.437Z", "date_update": "2021-02-02T15:18:38.437Z"}}, {"model": "mainapp.comment", "pk": 4, "fields": {"user_id": 5, "post_id": 8, "parent_comment": null, "text": "Привет", "date_create": "2021-02-02T15:22:10.206Z", "date_update": "2021-02-02T15:22:10.206Z"}}, {"model": "mainapp.comment", "pk": 5, "fields": {"user_id": 2, "post_id": 6, "parent_comment": null, "text": "Привет", "date_create": "2021-02-02T18:33:11.850Z", "date_update": "2021-02-02T18:33:11.850Z"}}, {"model": "mainapp.comment", "pk": 6, "fields": {"user_id": 5, "post_id": 8, "parent_comment": null, "text": "Привет", "date_create": "2021-02-03T19:10:58.280Z", "date_update": "2021-02-03T19:10:58.280Z"}}, {"model": "mainapp.comment", "pk": 7, "fields": {"user_id": 3, "post_id": 8, "parent_comment": null, "text": "Я - за!", "date_create": "2021-02-04T02:50:56.663Z", "date_update": "2021-02-04T02:50:56.663Z"}}, {"model": "mainapp.comment", "pk": 8, "fields": {"user_id": 3, "post_id": 4, "parent_comment": null, "text": "test", "date_create": "2021-02-04T04:57:43.401Z", "date_update": "2021-02-04T04:57:43.401Z"}}, {"model": "mainapp.comment", "pk": 9, "fields": {"user_id": 2, "post_id": 5, "parent_comment": null, "text": "Второй привет", "date_create": "2021-02-04T10:31:17.203Z", "date_update": "2021-02-04T10:31:17.203Z"}}, {"model": "mainapp.comment", "pk": 10, "fields": {"user_id": 2, "post_id": 5, "parent_comment": null, "text": "Проверка", "date_create": "2021-02-04T11:51:57.597Z", "date_update": "2021-02-04T11:51:57.597Z"}}, {"model": "mainapp.comment", "pk": 11, "fields": {"user_id": 2, "post_id": 5, "parent_comment": null, "text": "Вбок", "date_create": "2021-02-04T11:58:53.655Z", "date_update": "2021-02-04T11:58:53.655Z"}}, {"model": "mainapp.comment", "pk": 12, "fields": {"user_id": 1, "post_id": 8, "parent_comment": null, "text": "Первый!!!111!!!", "date_create": "2021-02-04T21:41:58.694Z", "date_update": "2021-02-04T21:41:58.694Z"}}, {"model": "mainapp.comment", "pk": 13, "fields": {"user_id": 3, "post_id": 7, "parent_comment": null, "text": "Очень хорошая статья", "date_create": "2021-02-05T02:15:22.041Z", "date_update": "2021-02-05T02:15:22.041Z"}}, {"model": "mainapp.comment", "pk": 14, "fields": {"user_id": 2, "post_id": 5, "parent_comment": null, "text": "Привет", "date_create": "2021-02-05T15:04:58.736Z", "date_update": "2021-02-05T15:04:58.736Z"}}, {"model": "mainapp.comment", "pk": 15, "fields": {"user_id": 2, "post_id": 5, "parent_comment": null, "text": "Новый коммент", "date_create": "2021-02-05T15:14:07.999Z", "date_update": "2021-02-05T15:14:07.999Z"}}, {"model": "mainapp.comment", "pk": 16, "fields": {"user_id": 2, "post_id": 5, "parent_comment": null, "text": "reanimator, Ответ на новый комментарий", "date_create": "2021-02-05T15:20:57.184Z", "date_update": "2021-02-05T15:20:57.184Z"}}, {"model": "mainapp.comment", "pk": 17, "fields": {"user_id": 2, "post_id": 5, "parent_comment": null, "text": "reanimator, Ответ на привет", "date_create": "2021-02-05T15:43:49.391Z", "date_update": "2021-02-05T15:43:49.391Z"}}, {"model": "mainapp.comment", "pk": 18, "fields": {"user_id": 2, "post_id": 5, "parent_comment": 9, "text": "reanimator, Ответ к второй привет, должен пропасть", "date_create": "2021-02-05T15:50:21.450Z", "date_update": "2021-02-05T15:50:21.450Z"}}, {"model": "mainapp.comment", "pk": 19, "fields": {"user_id": 2, "post_id": 5, "parent_comment": null, "text": "Просто отзыв", "date_create": "2021-02-05T15:52:21.664Z", "date_update": "2021-02-05T15:52:21.664Z"}}, {"model": "mainapp.comment", "pk": 20, "fields": {"user_id": 2, "post_id": 5, "parent_comment": 17, "text": "reanimator, Ответ на ответ, но не совсем", "date_create": "2021-02-05T16:00:44.675Z", "date_update": "2021-02-05T16:00:44.675Z"}}, {"model": "mainapp.comment", "pk": 21, "fields": {"user_id": 2, "post_id": 5, "parent_comment": null, "text": "Просто еще один отзыв", "date_create": "2021-02-05T16:01:03.700Z", "date_update": "2021-02-05T16:01:03.700Z"}}, {"model": "mainapp.comment", "pk": 22, "fields": {"user_id": 2, "post_id": 5, "parent_comment": 9, "text": "reanimator, Ответ на ответ", "date_create": "2021-02-05T16:11:50.084Z", "date_update": "2021-02-05T16:11:50.084Z"}}, {"model": "mainapp.comment", "pk": 23, "fields": {"user_id": 2, "post_id": 5, "parent_comment": null, "text": "Еще просто отступ", "date_create": "2021-02-05T16:13:10.752Z", "date_update": "2021-02-05T16:13:10.752Z"}}, {"model": "mainapp.comment", "pk": 24, "fields": {"user_id": 2, "post_id": 5, "parent_comment": 9, "text": "reanimator, Должен быть вторым", "date_create": "2021-02-05T16:34:54.758Z", "date_update": "2021-02-05T16:34:54.758Z"}}, {"model": "mainapp.comment", "pk": 25, "fields": {"user_id": 2, "post_id": 5, "parent_comment": 21, "text": "reanimator, И на это мы ответим", "date_create": "2021-02-05T16:37:21.424Z", "date_update": "2021-02-05T16:37:21.424Z"}}, {"model": "mainapp.comment", "pk": 26, "fields": {"user_id": 2, "post_id": 8, "parent_comment": 6, "text": "justdust, И тебе ответим", "date_create": "2021-02-05T17:02:13.212Z", "date_update": "2021-02-05T17:02:13.212Z"}}, {"model": "mainapp.comment", "pk": 27, "fields": {"user_id": 2, "post_id": 7, "parent_comment": null, "text": "Все круто", "date_create": "2021-02-05T18:30:02.212Z", "date_update": "2021-02-05T18:30:02.213Z"}}, {"model": "mainapp.comment", "pk": 28, "fields": {"user_id": 2, "post_id": 7, "parent_comment": 27, "text": "reanimator, А у меня вопросы есть", "date_create": "2021-02-05T18:30:28.763Z", "date_update": "2021-02-05T18:30:28.763Z"}}, {"model": "mainapp.comment", "pk": 29, "fields": {"user_id": 2, "post_id": 8, "parent_comment": 4, "text": "justdust, Отвечу тут же", "date_create": "2021-02-05T19:03:23.088Z", "date_update": "2021-02-05T19:03:23.088Z"}}, {"model": "mainapp.comment", "pk": 30, "fields": {"user_id": 3, "post_id": 7, "parent_comment": null, "text": "Афигеть!", "date_create": "2021-02-05T18:13:36.104Z", "date_update": "2021-02-05T18:13:36.104Z"}}, {"model": "mainapp.comment", "pk": 31, "fields": {"user_id": 2, "post_id": 8, "parent_comment": 2, "text": "justdust, И тебе отвечу", "date_create": "2021-02-05T18:13:59.524Z", "date_update": "2021-02-05T18:13:59.524Z"}}, {"model": "mainapp.comment", "pk": 32, "fields": {"user_id": 3, "post_id": 12, "parent_comment": null, "text": "Что за странная статья??", "date_create": "2021-02-05T18:15:41.718Z", "date_update": "2021-02-05T18:15:41.718Z"}}, {"model": "mainapp.comment", "pk": 33, "fields": {"user_id": 3, "post_id": 5, "parent_comment": null, "text": "Удивительной глубины и ясности текст!", "date_create": "2021-02-05T18:17:16.375Z", "date_update": "2021-02-05T18:17:16.375Z"}}, {"model": "mainapp.comment", "pk": 34, "fields": {"user_id": 2, "post_id": 10, "parent_comment": null, "text": "Все круто", "date_create": "2021-02-05T18:19:50.887Z", "date_update": "2021-02-05T18:19:50.887Z"}}, {"model": "mainapp.comment", "pk": 35, "fields": {"user_id": 2, "post_id": 9, "parent_comment": null, "text": "Отличная статья", "date_create": "2021-02-05T21:09:01.456Z", "date_update": "2021-02-05T21:09:01.456Z"}}, {"model": "mainapp.comment", "pk": 36, "fields": {"user_id": 2, "post_id": 9, "parent_comment": 35, "text": "reanimator, А я думаю не очень", "date_create": "2021-02-05T21:09:39.710Z", "date_update": "2021-02-05T21:09:39.710Z"}}, {"model": "mainapp.comment", "pk": 37, "fields": {"user_id": 2, "post_id": 10, "parent_comment": null, "text": "Очень", "date_create": "2021-02-05T21:15:44.667Z", "date_update": "2021-02-05T21:15:44.667Z"}}, {"model": "mainapp.comment", "pk": 38, "fields": {"user_id": 2, "post_id": 10, "parent_comment": null, "text": "Весело", "date_create": "2021-02-05T21:15:53.230Z", "date_update": "2021-02-05T21:15:53.230Z"}}, {"model": "mainapp.comment", "pk": 39, "fields": {"user_id": 2, "post_id": 10, "parent_comment": 37, "text": "reanimator, Не очень", "date_create": "2021-02-05T21:16:03.174Z", "date_update": "2021-02-05T21:16:03.174Z"}}, {"model": "mainapp.comment", "pk": 40, "fields": {"user_id": 2, "post_id": 10, "parent_comment": 34, "text": "reanimator, А то", "date_create": "2021-02-05T21:16:16.149Z", "date_update": "2021-02-05T21:16:16.149Z"}}, {"model": "mainapp.like", "pk": 11, "fields": {"author_user_id": 3, "user_id": 3, "post_id": null, "comment_id": null, "date_create": "2021-02-05T18:13:16.080Z", "date_update": "2021-02-05T18:13:16.080Z"}}, {"model": "mainapp.like", "pk": 12, "fields": {"author_user_id": 1, "user_id": null, "post_id": 8, "comment_id": null, "date_create": "2021-02-05T18:13:16.400Z", "date_update": "2021-02-05T18:13:16.400Z"}}, {"model": "mainapp.like", "pk": 13, "fields": {"author_user_id": 2, "user_id": null, "post_id": 8, "comment_id": null, "date_create": "2021-02-05T18:13:23.498Z", "date_update": "2021-02-05T18:13:23.498Z"}}, {"model": "mainapp.like", "pk": 14, "fields": {"author_user_id": 2, "user_id": null, "post_id": 10, "comment_id": null, "date_create": "2021-02-05T18:17:39.539Z", "date_update": "2021-02-05T18:17:39.539Z"}}, {"model": "mainapp.like", "pk": 15, "fields": {"author_user_id": 1, "user_id": null, "post_id": 5, "comment_id": null, "date_create": "2021-02-05T18:18:00.380Z", "date_update": "2021-02-05T18:18:00.380Z"}}, {"model": "mainapp.like", "pk": 16, "fields": {"author_user_id": 3, "user_id": null, "post_id": null, "comment_id": 33, "date_create": "2021-02-05T18:18:53.407Z", "date_update": "2021-02-05T18:18:53.407Z"}}, {"model": "mainapp.like", "pk": 17, "fields": {"author_user_id": 3, "user_id": null, "post_id": null, "comment_id": 23, "date_create": "2021-02-05T18:19:00.983Z", "date_update": "2021-02-05T18:19:00.983Z"}}, {"model": "mainapp.like", "pk": 18, "fields": {"author_user_id": 2, "user_id": null, "post_id": null, "comment_id": 2, "date_create": "2021-02-05T18:19:35.044Z", "date_update": "2021-02-05T18:19:35.044Z"}}, {"model": "mainapp.like", "pk": 19, "fields": {"author_user_id": 2, "user_id": null, "post_id": null, "comment_id": 9, "date_create": "2021-02-05T20:46:03.658Z", "date_update": "2021-02-05T20:46:03.658Z"}}, {"model": "mainapp.like", "pk": 20, "fields": {"author_user_id": 2, "user_id": null, "post_id": null, "comment_id": 1, "date_create": "2021-02-05T20:46:31.826Z", "date_update": "2021-02-05T20:46:31.826Z"}}, {"model": "mainapp.like", "pk": 21, "fields": {"author_user_id": 2, "user_id": null, "post_id": 9, "comment_id": null, "date_create": "2021-02-05T21:09:12.039Z", "date_update": "2021-02-05T21:09:12.039Z"}}, {"model": "mainapp.like", "pk": 22, "fields": {"author_user_id": 2, "user_id": 3, "post_id": null, "comment_id": null, "date_create": "2021-02-05T21:09:17.293Z", "date_update": "2021-02-05T21:09:17.293Z"}}, {"model": "mainapp.like", "pk": 23, "fields": {"author_user_id": 2, "user_id": null, "post_id": null, "comment_id": 35, "date_create": "2021-02-05T21:09:23.621Z", "date_update": "2021-02-05T21:09:23.621Z"}}, {"model": "mainapp.like", "pk": 24, "fields": {"author_user_id": 2, "user_id": null, "post_id": null, "comment_id": 36, "date_create": "2021-02-05T21:15:00.361Z", "date_update": "2021-02-05T21:15:00.361Z"}}]